"sim_num","abundance","prev","iqr","age_lower","age_upper","sample_size"
1,16.8823529411765,52.9411764705882,29,0,3,17
1,41.3846153846154,100,27,3,4,26
1,42.9189189189189,100,18,4,5,37
1,34.2222222222222,100,24.5,5,7,27
1,10,86.3636363636364,11.75,7,12,22
1,3.92307692307692,65.3846153846154,6.75,12,26,26
1,3.38095238095238,71.4285714285714,4,26,48,21
1,3.92307692307692,76.9230769230769,4,48,77,13
